{"class": "DQNAgent", "payload": {"model_state_dict": {"net.0.weight": [[-0.037584736943244934, -0.2478138655424118, 0.2437744289636612, -0.22559407353401184, -0.2873351275920868, -0.33817747235298157], [-0.12574502825737, -0.5544115304946899, 0.10217417776584625, -0.1976795792579651, 0.058604732155799866, -0.19900161027908325], [0.015591248869895935, -0.07262036204338074, 0.03064029850065708, 0.06805925816297531, -0.05916489660739899, -0.1828010529279709], [0.3772556483745575, -0.48065221309661865, -0.6207369565963745, 0.18464535474777222, 0.05634816735982895, -0.2822062075138092], [-0.3006279766559601, 0.2755287289619446, -0.44893449544906616, 0.029644086956977844, 0.09561415016651154, -0.580196738243103], [-0.03188643604516983, -0.2398253232240677, -0.05523616820573807, -0.03296803683042526, 0.34349799156188965, -0.4173929691314697], [0.0025938525795936584, -0.13069678843021393, -0.0015165582299232483, -0.369890958070755, -0.2400932013988495, -0.0008500590920448303], [0.05926807224750519, -0.5101204514503479, 0.12777981162071228, -0.14970046281814575, -0.42332327365875244, -0.22937653958797455], [-0.5150545239448547, 0.34929752349853516, -0.34121912717819214, 0.7132924795150757, -1.2102594375610352, 0.36360225081443787], [0.12838377058506012, -0.024623161181807518, -0.1723666489124298, -0.07022208720445633, -0.28574565052986145, -0.34593066573143005], [-0.15254993736743927, 0.14540867507457733, -0.5593848824501038, 0.20559494197368622, 0.006305098533630371, -0.2935081720352173], [0.23612096905708313, 0.11390948295593262, -0.8651079535484314, -0.45613282918930054, -0.40392667055130005, 0.3625198304653168], [0.30758464336395264, 0.11158090084791183, -0.12820816040039062, 0.04064340889453888, 0.005206555128097534, -0.24389274418354034], [-0.15175755321979523, -0.39674100279808044, 0.2905280888080597, -0.1752644181251526, -0.032689228653907776, -0.4491867125034332], [-0.6454113721847534, 4.129410743713379, -1.0450600385665894, 2.375873327255249, -0.7169159054756165, 1.0127454996109009], [-0.1648518592119217, -0.16597504913806915, -0.14503449201583862, -0.18827199935913086, 0.07901114970445633, 0.17132627964019775]], "net.0.bias": [-0.17734646797180176, -0.321609228849411, -0.21875259280204773, -0.6607908010482788, -0.42563188076019287, -0.22493207454681396, -0.14419308304786682, -0.023994773626327515, -1.1723779439926147, -0.0690443366765976, -0.37848061323165894, -0.5647746324539185, -0.41931068897247314, -0.13852167129516602, -0.649533212184906, -0.3045061230659485], "net.2.weight": [[0.028581589460372925, 0.027057617902755737, -0.04640272259712219, 0.06074225902557373, -0.22633567452430725, -0.30370911955833435, -0.22558769583702087, 0.24238592386245728, -0.07151633501052856, 0.0371164008975029, 0.2426685392856598, 0.12029287219047546, 0.20457297563552856, -0.18569836020469666, -0.08740454912185669, 0.07894259691238403], [0.31323546171188354, -0.26947489380836487, 0.10094660520553589, -0.05345594882965088, 0.04323296248912811, -0.12935316562652588, -0.14354632794857025, -0.12088138610124588, -0.13550639152526855, 0.22162777185440063, -0.19505390524864197, 0.0020347386598587036, 0.02731788158416748, 0.10245729982852936, -0.04606436938047409, -0.262457937002182], [-0.03536170721054077, -0.10892362147569656, 0.02877068519592285, 0.18165308237075806, 0.3433740437030792, -0.307067334651947, -0.19886304438114166, -0.16152220964431763, -0.7636125087738037, -0.07173442840576172, 0.2774812877178192, -0.4294230341911316, -0.3917732536792755, 0.07795602828264236, 0.06824329495429993, -0.2602700889110565], [-0.1605040431022644, -0.17418217658996582, -0.17770129442214966, -0.023636624217033386, -0.016624435782432556, 0.04534733295440674, -0.15641659498214722, -0.22708791494369507, -0.14317333698272705, -0.1645289659500122, -0.0478958934545517, 0.0920129120349884, -0.09376752376556396, -0.22839969396591187, -0.038076721131801605, 0.10638225078582764], [0.0006484314799308777, -0.19243867695331573, -0.006468743085861206, -0.10819736123085022, 0.13322919607162476, -0.05582994222640991, -0.24897225201129913, -0.30781230330467224, -0.1968591809272766, -0.19952839612960815, -0.047431349754333496, -0.1517646312713623, -0.10674154758453369, 0.03309030830860138, -0.11117485165596008, 0.0420793816447258], [0.14513525366783142, -0.16594356298446655, -0.10407570004463196, -0.23240426182746887, -0.005975455045700073, -0.29952749609947205, 0.1179327517747879, 0.025550782680511475, -0.1208779513835907, -0.025368183851242065, -0.015962988138198853, 0.1310722529888153, -0.02783617377281189, -0.054975733160972595, 0.03831550478935242, 0.022185131907463074], [-0.08891209214925766, -0.0052994415163993835, -0.1661168336868286, 0.07365018129348755, -0.2310563027858734, -0.042064033448696136, -0.007392033934593201, -0.2376304566860199, -0.40074098110198975, -0.2035548985004425, 0.08631086349487305, -0.280719518661499, -0.16018712520599365, -0.180740624666214, -0.10307028889656067, -0.041669607162475586], [-0.17134645581245422, -0.11347128450870514, -0.14295634627342224, -0.07420804351568222, 0.30733489990234375, -0.3072015941143036, -0.28191888332366943, -0.1483389437198639, -0.5646395683288574, -0.17932435870170593, 0.2008337378501892, -0.4690977931022644, -0.3101263642311096, -0.00752219557762146, 0.06732355803251266, -0.17790384590625763], [0.22942408919334412, 0.004433564841747284, -0.04760423302650452, 0.21348288655281067, 0.10451200604438782, 0.08237144351005554, -0.23099780082702637, -0.2741018533706665, 0.08561468869447708, 0.22829729318618774, 0.06459137797355652, 0.017459280788898468, -0.18529605865478516, -0.06044808030128479, -0.025111347436904907, -0.12161868810653687], [0.001753874123096466, -0.2181912511587143, 0.20627743005752563, -0.10470891743898392, 0.2765258550643921, 0.09227465838193893, 0.10509400814771652, 0.15379753708839417, 0.7477355003356934, -0.32048648595809937, -0.1986827850341797, 0.17733845114707947, 0.0200270414352417, -0.05748692899942398, 0.011306539177894592, -0.23453253507614136], [0.05129334330558777, -0.4021281599998474, 0.2680952548980713, -0.04093104600906372, -0.04895852506160736, -0.22873899340629578, -0.020145758986473083, -0.3216812014579773, -0.1949073076248169, -0.16730917990207672, 0.07740142196416855, 0.05171768367290497, -0.02600991725921631, -0.30110591650009155, -0.02117922157049179, -0.1227104589343071], [-0.1135435700416565, 0.009508959949016571, 0.22739940881729126, -0.07398617267608643, -0.1746806502342224, -0.05107472836971283, 0.12702235579490662, -0.06518444418907166, -0.09427125006914139, -0.03687342256307602, -0.13391703367233276, 0.1177423745393753, 0.005107402801513672, -0.024299681186676025, 0.0043962448835372925, -0.2577941417694092], [-0.021495632827281952, -0.28494638204574585, 0.07316970825195312, -0.1253964900970459, -0.06333538144826889, -0.4279141128063202, -0.024526633322238922, -0.10173767805099487, -0.1865289807319641, -0.39121177792549133, 0.08626400679349899, -0.2894497513771057, 0.12664228677749634, 0.07179231196641922, 0.019599705934524536, -0.38334596157073975], [0.2422255575656891, 0.323045015335083, -0.09301735460758209, 0.10863447189331055, -0.4814811050891876, 0.2229304015636444, 0.1737271547317505, 0.14248818159103394, 0.20014381408691406, 0.13116678595542908, -0.3428496718406677, -0.19149035215377808, -0.07680424302816391, 0.17141065001487732, -0.266152024269104, 0.26494133472442627], [0.07021014392375946, 0.045137301087379456, -0.08630752563476562, -0.05705401301383972, -0.140013188123703, -0.2082061767578125, -0.2246762216091156, -0.23408609628677368, -0.24981361627578735, -0.1999007761478424, -0.014027513563632965, 0.07260952144861221, 0.23727700114250183, -0.0749562606215477, -0.12255117297172546, -0.21229888498783112], [-0.026170827448368073, 0.08763039857149124, 0.1523744761943817, 0.03681047260761261, 0.08712572604417801, -0.11267158389091492, -0.006829194724559784, -0.2410559356212616, 0.9556160569190979, -0.221393883228302, 0.28231680393218994, 0.5388057827949524, -0.044373564422130585, 