{"class": "TabularAgent", "payload": {"q": {"([], 0)": 0.4854936547604902, "([], 1)": -0.05630924345912099, "([], 2)": 6.421250924618726e-10, "([0, 0], 1)": 0.0, "([0, 0], 2)": 4.44089209850063e-16, "([0, 1, 0, 1], 2)": 0.0, "([0, 1, 0, 2], 2)": 0, "([0, 2, 0, 1], 1)": -0.9999999999999996, "([0, 2, 0, 2], 1)": 0, "([0, 1], 1)": 0, "([0, 1], 2)": 0, "([0, 1, 1, 0], 2)": 0, "([0, 1, 1, 2], 2)": 0, "([0, 2, 1, 0], 1)": 0, "([0, 2, 1, 2], 1)": 0, "([0, 2], 1)": 1.658096323829166, "([0, 2], 2)": 1.3695136910293824, "([0, 1, 2, 0], 2)": 0.9999999999999996, "([0, 1, 2, 1], 2)": 0.9999999999999996, "([0, 2, 2, 0], 1)": 0.0, "([0, 2, 2, 1], 1)": 0.9966186080864774, "([1, 0], 0)": -0.1, "([1, 0], 2)": 0.005844630298876491, "([1, 0, 0, 1], 2)": 0.0, "([1, 0, 0, 2], 2)": 0, "([1, 2, 0, 1], 0)": -0.9992264459898547, "([1, 2, 0, 2], 0)": 0, "([1, 1], 0)": 0, "([1, 1], 2)": 0, "([1, 0, 1, 0], 2)": 0, "([1, 0, 1, 2], 2)": 0, "([1, 2, 1, 0], 0)": 0, "([1, 2, 1, 2], 0)": 0, "([1, 2], 0)": -0.22639855760790398, "([1, 2], 2)": 0.7868580512515579, "([1, 0, 2, 0], 2)": 0.34390000000000004, "([1, 0, 2, 1], 2)": 0.7712320754503901, "([1, 2, 2, 0], 0)": -0.9989388833880036, "([1, 2, 2, 1], 0)": 0.0, "([2, 0], 0)": -1.627756598974595, "([2, 0], 1)": -0.9999999985430806, "([2, 0, 0, 1], 1)": -0.9202335569231275, "([2, 0, 0, 2], 1)": 0, "([2, 1, 0, 1], 0)": -0.9999999999437243, "([2, 1, 0, 2], 0)": 0, "([2, 1], 0)": 0, "([2, 1], 1)": 0, "([2, 0, 1, 0], 1)": 0, "([2, 0, 1, 2], 1)": 0, "([2, 1, 1, 0], 0)": 0, "([2, 1, 1, 2], 0)": 0, "([2, 2], 0)": -0.12273693689847828, "([2, 2], 1)": 6.512049328755287e-12, "([2, 0, 2, 0], 1)": 0.0, "([2, 0, 2, 1], 1)": 0.911370618803475, "([2, 1, 2, 0], 0)": -0.9999999999938425, "([2, 1, 2, 1], 0)": 0.0}, "starting_cards": [0, 1, 2], "params": {"epochs": 5000, "learning_rate": 0.1, "discount_factor": 1, "epsilon": 0.1}}}